{
  "best_global_step": 1000,
  "best_metric": 0.0,
  "best_model_checkpoint": "/kaggle/working/results/best/checkpoint-1000",
  "epoch": 25.0,
  "eval_steps": 500,
  "global_step": 19550,
  "is_hyper_param_search": false,
  "is_local_process_zero": true,
  "is_world_process_zero": true,
  "log_history": [
    {
      "epoch": 0.639386189258312,
      "grad_norm": NaN,
      "learning_rate": 4.872378516624041e-05,
      "loss": 2.1606,
      "step": 500
    },
    {
      "epoch": 1.278772378516624,
      "grad_norm": NaN,
      "learning_rate": 4.7445012787723785e-05,
      "loss": 0.0,
      "step": 1000
    },
    {
      "epoch": 1.278772378516624,
      "eval_bleu": 0.0,
      "eval_loss": NaN,
      "eval_rouge1": 0.0,
      "eval_rouge2": 0.0,
      "eval_rougeL": 0.0,
      "eval_runtime": 18.7061,
      "eval_samples_per_second": 106.917,
      "eval_steps_per_second": 3.368,
      "step": 1000
    },
    {
      "epoch": 1.918158567774936,
      "grad_norm": NaN,
      "learning_rate": 4.616624040920716e-05,
      "loss": 0.0,
      "step": 1500
    },
    {
      "epoch": 2.557544757033248,
      "grad_norm": NaN,
      "learning_rate": 4.488746803069054e-05,
      "loss": 0.0,
      "step": 2000
    },
    {
      "epoch": 2.557544757033248,
      "eval_bleu": 0.0,
      "eval_loss": NaN,
      "eval_rouge1": 0.0,
      "eval_rouge2": 0.0,
      "eval_rougeL": 0.0,
      "eval_runtime": 17.6993,
      "eval_samples_per_second": 112.999,
      "eval_steps_per_second": 3.559,
      "step": 2000
    },
    {
      "epoch": 3.1969309462915603,
      "grad_norm": NaN,
      "learning_rate": 4.360869565217391e-05,
      "loss": 0.0,
      "step": 2500
    },
    {
      "epoch": 3.836317135549872,
      "grad_norm": NaN,
      "learning_rate": 4.232992327365729e-05,
      "loss": 0.0,
      "step": 3000
    },
    {
      "epoch": 3.836317135549872,
      "eval_bleu": 0.0,
      "eval_loss": NaN,
      "eval_rouge1": 0.0,
      "eval_rouge2": 0.0,
      "eval_rougeL": 0.0,
      "eval_runtime": 17.6966,
      "eval_samples_per_second": 113.016,
      "eval_steps_per_second": 3.56,
      "step": 3000
    },
    {
      "epoch": 4.475703324808184,
      "grad_norm": NaN,
      "learning_rate": 4.1051150895140665e-05,
      "loss": 0.0,
      "step": 3500
    },
    {
      "epoch": 5.115089514066496,
      "grad_norm": NaN,
      "learning_rate": 3.977237851662404e-05,
      "loss": 0.0,
      "step": 4000
    },
    {
      "epoch": 5.115089514066496,
      "eval_bleu": 0.0,
      "eval_loss": NaN,
      "eval_rouge1": 0.0,
      "eval_rouge2": 0.0,
      "eval_rougeL": 0.0,
      "eval_runtime": 17.7541,
      "eval_samples_per_second": 112.65,
      "eval_steps_per_second": 3.548,
      "step": 4000
    },
    {
      "epoch": 5.754475703324808,
      "grad_norm": NaN,
      "learning_rate": 3.849360613810742e-05,
      "loss": 0.0,
      "step": 4500
    },
    {
      "epoch": 6.3938618925831205,
      "grad_norm": NaN,
      "learning_rate": 3.7214833759590794e-05,
      "loss": 0.0,
      "step": 5000
    },
    {
      "epoch": 6.3938618925831205,
      "eval_bleu": 0.0,
      "eval_loss": NaN,
      "eval_rouge1": 0.0,
      "eval_rouge2": 0.0,
      "eval_rougeL": 0.0,
      "eval_runtime": 17.763,
      "eval_samples_per_second": 112.593,
      "eval_steps_per_second": 3.547,
      "step": 5000
    },
    {
      "epoch": 7.033248081841432,
      "grad_norm": NaN,
      "learning_rate": 3.593606138107417e-05,
      "loss": 0.0,
      "step": 5500
    },
    {
      "epoch": 7.672634271099744,
      "grad_norm": NaN,
      "learning_rate": 3.4657289002557546e-05,
      "loss": 0.0,
      "step": 6000
    },
    {
      "epoch": 7.672634271099744,
      "eval_bleu": 0.0,
      "eval_loss": NaN,
      "eval_rouge1": 0.0,
      "eval_rouge2": 0.0,
      "eval_rougeL": 0.0,
      "eval_runtime": 17.8718,
      "eval_samples_per_second": 111.908,
      "eval_steps_per_second": 3.525,
      "step": 6000
    },
    {
      "epoch": 8.312020460358056,
      "grad_norm": NaN,
      "learning_rate": 3.337851662404092e-05,
      "loss": 0.0,
      "step": 6500
    },
    {
      "epoch": 8.951406649616368,
      "grad_norm": NaN,
      "learning_rate": 3.20997442455243e-05,
      "loss": 0.0,
      "step": 7000
    },
    {
      "epoch": 8.951406649616368,
      "eval_bleu": 0.0,
      "eval_loss": NaN,
      "eval_rouge1": 0.0,
      "eval_rouge2": 0.0,
      "eval_rougeL": 0.0,
      "eval_runtime": 17.7884,
      "eval_samples_per_second": 112.433,
      "eval_steps_per_second": 3.542,
      "step": 7000
    },
    {
      "epoch": 9.59079283887468,
      "grad_norm": NaN,
      "learning_rate": 3.0820971867007674e-05,
      "loss": 0.0,
      "step": 7500
    },
    {
      "epoch": 10.230179028132993,
      "grad_norm": NaN,
      "learning_rate": 2.954219948849105e-05,
      "loss": 0.0,
      "step": 8000
    },
    {
      "epoch": 10.230179028132993,
      "eval_bleu": 0.0,
      "eval_loss": NaN,
      "eval_rouge1": 0.0,
      "eval_rouge2": 0.0,
      "eval_rougeL": 0.0,
      "eval_runtime": 17.6677,
      "eval_samples_per_second": 113.201,
      "eval_steps_per_second": 3.566,
      "step": 8000
    },
    {
      "epoch": 10.869565217391305,
      "grad_norm": NaN,
      "learning_rate": 2.8263427109974426e-05,
      "loss": 0.0,
      "step": 8500
    },
    {
      "epoch": 11.508951406649617,
      "grad_norm": NaN,
      "learning_rate": 2.6984654731457802e-05,
      "loss": 0.0,
      "step": 9000
    },
    {
      "epoch": 11.508951406649617,
      "eval_bleu": 0.0,
      "eval_loss": NaN,
      "eval_rouge1": 0.0,
      "eval_rouge2": 0.0,
      "eval_rougeL": 0.0,
      "eval_runtime": 17.7641,
      "eval_samples_per_second": 112.586,
      "eval_steps_per_second": 3.546,
      "step": 9000
    },
    {
      "epoch": 12.148337595907929,
      "grad_norm": NaN,
      "learning_rate": 2.5705882352941178e-05,
      "loss": 0.0,
      "step": 9500
    },
    {
      "epoch": 12.787723785166241,
      "grad_norm": NaN,
      "learning_rate": 2.4427109974424554e-05,
      "loss": 0.0,
      "step": 10000
    },
    {
      "epoch": 12.787723785166241,
      "eval_bleu": 0.0,
      "eval_loss": NaN,
      "eval_rouge1": 0.0,
      "eval_rouge2": 0.0,
      "eval_rougeL": 0.0,
      "eval_runtime": 17.5877,
      "eval_samples_per_second": 113.716,
      "eval_steps_per_second": 3.582,
      "step": 10000
    },
    {
      "epoch": 13.427109974424553,
      "grad_norm": NaN,
      "learning_rate": 2.314833759590793e-05,
      "loss": 0.0,
      "step": 10500
    },
    {
      "epoch": 14.066496163682864,
      "grad_norm": NaN,
      "learning_rate": 2.1869565217391306e-05,
      "loss": 0.0,
      "step": 11000
    },
    {
      "epoch": 14.066496163682864,
      "eval_bleu": 0.0,
      "eval_loss": NaN,
      "eval_rouge1": 0.0,
      "eval_rouge2": 0.0,
      "eval_rougeL": 0.0,
      "eval_runtime": 17.5837,
      "eval_samples_per_second": 113.742,
      "eval_steps_per_second": 3.583,
      "step": 11000
    },
    {
      "epoch": 14.705882352941176,
      "grad_norm": NaN,
      "learning_rate": 2.0590792838874683e-05,
      "loss": 0.0,
      "step": 11500
    },
    {
      "epoch": 15.345268542199488,
      "grad_norm": NaN,
      "learning_rate": 1.931202046035806e-05,
      "loss": 0.0,
      "step": 12000
    },
    {
      "epoch": 15.345268542199488,
      "eval_bleu": 0.0,
      "eval_loss": NaN,
      "eval_rouge1": 0.0,
      "eval_rouge2": 0.0,
      "eval_rougeL": 0.0,
      "eval_runtime": 17.6775,
      "eval_samples_per_second": 113.138,
      "eval_steps_per_second": 3.564,
      "step": 12000
    },
    {
      "epoch": 15.9846547314578,
      "grad_norm": NaN,
      "learning_rate": 1.8033248081841435e-05,
      "loss": 0.0,
      "step": 12500
    },
    {
      "epoch": 16.624040920716112,
      "grad_norm": NaN,
      "learning_rate": 1.675447570332481e-05,
      "loss": 0.0,
      "step": 13000
    },
    {
      "epoch": 16.624040920716112,
      "eval_bleu": 0.0,
      "eval_loss": NaN,
      "eval_rouge1": 0.0,
      "eval_rouge2": 0.0,
      "eval_rougeL": 0.0,
      "eval_runtime": 17.8179,
      "eval_samples_per_second": 112.247,
      "eval_steps_per_second": 3.536,
      "step": 13000
    },
    {
      "epoch": 17.263427109974426,
      "grad_norm": NaN,
      "learning_rate": 1.5475703324808187e-05,
      "loss": 0.0,
      "step": 13500
    },
    {
      "epoch": 17.902813299232736,
      "grad_norm": NaN,
      "learning_rate": 1.4196930946291561e-05,
      "loss": 0.0,
      "step": 14000
    },
    {
      "epoch": 17.902813299232736,
      "eval_bleu": 0.0,
      "eval_loss": NaN,
      "eval_rouge1": 0.0,
      "eval_rouge2": 0.0,
      "eval_rougeL": 0.0,
      "eval_runtime": 17.6585,
      "eval_samples_per_second": 113.26,
      "eval_steps_per_second": 3.568,
      "step": 14000
    },
    {
      "epoch": 18.54219948849105,
      "grad_norm": NaN,
      "learning_rate": 1.2918158567774937e-05,
      "loss": 0.0,
      "step": 14500
    },
    {
      "epoch": 19.18158567774936,
      "grad_norm": NaN,
      "learning_rate": 1.1639386189258313e-05,
      "loss": 0.0,
      "step": 15000
    },
    {
      "epoch": 19.18158567774936,
      "eval_bleu": 0.0,
      "eval_loss": NaN,
      "eval_rouge1": 0.0,
      "eval_rouge2": 0.0,
      "eval_rougeL": 0.0,
      "eval_runtime": 17.3774,
      "eval_samples_per_second": 115.092,
      "eval_steps_per_second": 3.625,
      "step": 15000
    },
    {
      "epoch": 19.82097186700767,
      "grad_norm": NaN,
      "learning_rate": 1.036061381074169e-05,
      "loss": 0.0,
      "step": 15500
    },
    {
      "epoch": 20.460358056265985,
      "grad_norm": NaN,
      "learning_rate": 9.081841432225066e-06,
      "loss": 0.0,
      "step": 16000
    },
    {
      "epoch": 20.460358056265985,
      "eval_bleu": 0.0,
      "eval_loss": NaN,
      "eval_rouge1": 0.0,
      "eval_rouge2": 0.0,
      "eval_rougeL": 0.0,
      "eval_runtime": 17.5611,
      "eval_samples_per_second": 113.888,
      "eval_steps_per_second": 3.587,
      "step": 16000
    },
    {
      "epoch": 21.099744245524295,
      "grad_norm": NaN,
      "learning_rate": 7.803069053708442e-06,
      "loss": 0.0,
      "step": 16500
    },
    {
      "epoch": 21.73913043478261,
      "grad_norm": NaN,
      "learning_rate": 6.524296675191815e-06,
      "loss": 0.0,
      "step": 17000
    },
    {
      "epoch": 21.73913043478261,
      "eval_bleu": 0.0,
      "eval_loss": NaN,
      "eval_rouge1": 0.0,
      "eval_rouge2": 0.0,
      "eval_rougeL": 0.0,
      "eval_runtime": 17.6777,
      "eval_samples_per_second": 113.137,
      "eval_steps_per_second": 3.564,
      "step": 17000
    },
    {
      "epoch": 22.37851662404092,
      "grad_norm": NaN,
      "learning_rate": 5.245524296675192e-06,
      "loss": 0.0,
      "step": 17500
    },
    {
      "epoch": 23.017902813299234,
      "grad_norm": NaN,
      "learning_rate": 3.966751918158568e-06,
      "loss": 0.0,
      "step": 18000
    },
    {
      "epoch": 23.017902813299234,
      "eval_bleu": 0.0,
      "eval_loss": NaN,
      "eval_rouge1": 0.0,
      "eval_rouge2": 0.0,
      "eval_rougeL": 0.0,
      "eval_runtime": 17.9826,
      "eval_samples_per_second": 111.218,
      "eval_steps_per_second": 3.503,
      "step": 18000
    },
    {
      "epoch": 23.657289002557544,
      "grad_norm": NaN,
      "learning_rate": 2.6879795396419438e-06,
      "loss": 0.0,
      "step": 18500
    },
    {
      "epoch": 24.296675191815858,
      "grad_norm": NaN,
      "learning_rate": 1.4092071611253198e-06,
      "loss": 0.0,
      "step": 19000
    },
    {
      "epoch": 24.296675191815858,
      "eval_bleu": 0.0,
      "eval_loss": NaN,
      "eval_rouge1": 0.0,
      "eval_rouge2": 0.0,
      "eval_rougeL": 0.0,
      "eval_runtime": 17.6779,
      "eval_samples_per_second": 113.136,
      "eval_steps_per_second": 3.564,
      "step": 19000
    },
    {
      "epoch": 24.93606138107417,
      "grad_norm": NaN,
      "learning_rate": 1.3043478260869566e-07,
      "loss": 0.0,
      "step": 19500
    },
    {
      "epoch": 25.0,
      "eval_bleu": 0.0,
      "eval_loss": NaN,
      "eval_rouge1": 0.0,
      "eval_rouge2": 0.0,
      "eval_rougeL": 0.0,
      "eval_runtime": 17.6293,
      "eval_samples_per_second": 113.448,
      "eval_steps_per_second": 3.574,
      "step": 19550
    },
    {
      "epoch": 25.0,
      "step": 19550,
      "total_flos": 2.118647808e+16,
      "train_loss": 0.05525735294117647,
      "train_runtime": 3859.8773,
      "train_samples_per_second": 161.922,
      "train_steps_per_second": 5.065
    },
    {
      "epoch": 25.0,
      "eval_bleu": 0.0,
      "eval_loss": NaN,
      "eval_rouge1": 0.0,
      "eval_rouge2": 0.0,
      "eval_rougeL": 0.0,
      "eval_runtime": 17.7894,
      "eval_samples_per_second": 112.427,
      "eval_steps_per_second": 3.541,
      "step": 19550
    }
  ],
  "logging_steps": 500,
  "max_steps": 19550,
  "num_input_tokens_seen": 0,
  "num_train_epochs": 25,
  "save_steps": 100,
  "stateful_callbacks": {
    "TrainerControl": {
      "args": {
        "should_epoch_stop": false,
        "should_evaluate": false,
        "should_log": false,
        "should_save": true,
        "should_training_stop": true
      },
      "attributes": {}
    }
  },
  "total_flos": 2.118647808e+16,
  "train_batch_size": 32,
  "trial_name": null,
  "trial_params": null
}
